{"v":"5.8.0","fr":60,"ip":0,"op":30,"w":600,"h":400,"nm":"Comp 4","ddd":0,"assets":[{"id":"moon.png","w":512,"h":512,"u":"images/","p":"moon.png","e":0},{"id":"sunny.png","w":512,"h":512,"u":"images/","p":"sunny.png","e":0}],"layers":[{"ddd":0,"ind":1,"ty":2,"nm":"moon.png","cl":"png","refId":"moon.png","sr":1,"ks":{"o":{"a":1,"k":[{"i":{"x":[0.667],"y":[1]},"o":{"x":[0.333],"y":[0]},"t":15,"s":[0]},{"t":30,"s":[100]}],"ix":11},"r":{"a":0,"k":0,"ix":10},"p":{"a":1,"k":[{"i":{"x":0.667,"y":1},"o":{"x":0.333,"y":0},"t":15,"s":[300,200,0],"to":[29,0,0],"ti":[-29,0,0]},{"t":30,"s":[474,200,0]}],"ix":2,"l":2},"a":{"a":0,"k":[256,256,0],"ix":1,"l":2},"s":{"a":0,"k":[23,23,100],"ix":6,"l":2}},"ao":0,"ip":0,"op":1800,"st":0,"bm":0},{"ddd":0,"ind":2,"ty":2,"nm":"sunny.png","cl":"png","refId":"sunny.png","sr":1,"ks":{"o":{"a":1,"k":[{"i":{"x":[0.667],"y":[1]},"o":{"x":[0.333],"y":[0]},"t":0,"s":[100]},{"t":15,"s":[0]}],"ix":11},"r":{"a":0,"k":0,"ix":10},"p":{"a":1,"k":[{"i":{"x":0.667,"y":1},"o":{"x":0.333,"y":0},"t":0,"s":[126,198,0],"to":[29,0.333,0],"ti":[-29,-0.333,0]},{"t":15,"s":[300,200,0]}],"ix":2,"l":2},"a":{"a":0,"k":[256,256,0],"ix":1,"l":2},"s":{"a":0,"k":[25,25,100],"ix":6,"l":2}},"ao":0,"ip":0,"op":1800,"st":0,"bm":0},{"ddd":0,"ind":3,"ty":4,"nm":"Shape Layer 2","sr":1,"ks":{"o":{"a":0,"k":100,"ix":11},"r":{"a":0,"k":0,"ix":10},"p":{"a":1,"k":[{"i":{"x":0.667,"y":0.535},"o":{"x":0.333,"y":0},"t":0,"s":[126,200,0],"to":[4.659,0,0],"ti":[-7.292,0,0]},{"i":{"x":0.667,"y":1},"o":{"x":0.333,"y":0.229},"t":3,"s":[105.106,200,0],"to":[38.098,0,0],"ti":[-48.683,0,0]},{"i":{"x":0.667,"y":0.828},"o":{"x":0.333,"y":0},"t":15,"s":[300,200,0],"to":[53.14,0,0],"ti":[-34.916,0,0]},{"i":{"x":0.667,"y":1},"o":{"x":0.333,"y":0.585},"t":27,"s":[486.54,200,0],"to":[3.193,0,0],"ti":[-2.43,0,0]},{"t":30,"s":[474,200,0]}],"ix":2,"l":2},"a":{"a":0,"k":[0,0,0],"ix":1,"l":2},"s":{"a":0,"k":[90,90,100],"ix":6,"l":2}},"ao":0,"shapes":[{"ty":"rc","d":1,"s":{"a":1,"k":[{"i":{"x":[0.667,0.667],"y":[2.013,1]},"o":{"x":[0.333,0.333],"y":[0,0]},"t":0,"s":[230,230]},{"i":{"x":[0.667,0.667],"y":[1,1]},"o":{"x":[0.333,0.333],"y":[0.241,0]},"t":3,"s":[206,230]},{"i":{"x":[0.667,0.667],"y":[0.664,1]},"o":{"x":[0.333,0.333],"y":[0,0]},"t":15,"s":[610,230]},{"i":{"x":[0.667,0.667],"y":[1,1]},"o":{"x":[0.333,0.333],"y":[-0.978,0]},"t":27,"s":[206.895,230]},{"t":29,"s":[230,230]}],"ix":2},"p":{"a":0,"k":[0,0],"ix":3},"r":{"a":0,"k":335,"ix":4},"nm":"Rectangle Path 1","mn":"ADBE Vector Shape - Rect","hd":false},{"ty":"fl","c":{"a":1,"k":[{"i":{"x":[0.667],"y":[1]},"o":{"x":[0.333],"y":[0]},"t":12,"s":[1,1,1,1]},{"t":17,"s":[0.054901964962,0.050980396569,0.066666670144,1]}],"ix":4},"o":{"a":0,"k":100,"ix":5},"r":1,"bm":0,"nm":"Fill 1","mn":"ADBE Vector Graphic - Fill","hd":false},{"ty":"st","c":{"a":1,"k":[{"i":{"x":[0.667],"y":[1]},"o":{"x":[0.333],"y":[0]},"t":10,"s":[1,1,1,1]},{"t":20,"s":[0.054901964962,0.050980396569,0.066666670144,1]}],"ix":3},"o":{"a":0,"k":100,"ix":4},"w":{"a":0,"k":2,"ix":5},"lc":1,"lj":1,"ml":4,"bm":0,"nm":"Stroke 1","mn":"ADBE Vector Graphic - Stroke","hd":false}],"ip":0,"op":1800,"st":0,"bm":0},{"ddd":0,"ind":4,"ty":4,"nm":"Shape Layer 1","sr":1,"ks":{"o":{"a":0,"k":100,"ix":11},"r":{"a":0,"k":0,"ix":10},"p":{"a":0,"k":[301,200,0],"ix":2,"l":2},"a":{"a":0,"k":[0,0,0],"ix":1,"l":2},"s":{"a":0,"k":[274.82,250.857,100],"ix":6,"l":2}},"ao":0,"shapes":[{"ty":"rc","d":1,"s":{"a":0,"k":[214,97.143],"ix":2},"p":{"a":0,"k":[0,0],"ix":3},"r":{"a":0,"k":103,"ix":4},"nm":"Rectangle Path 1","mn":"ADBE Vector Shape - Rect","hd":false},{"ty":"st","c":{"a":1,"k":[{"i":{"x":[0.667],"y":[1]},"o":{"x":[0.333],"y":[0]},"t":12,"s":[0,0,0,1]},{"t":17,"s":[1,1,1,1]}],"ix":3},"o":{"a":0,"k":100,"ix":4},"w":{"a":0,"k":3,"ix":5},"lc":1,"lj":1,"ml":4,"bm":0,"nm":"Stroke 1","mn":"ADBE Vector Graphic - Stroke","hd":false}],"ip":0,"op":1800,"st":0,"bm":0}],"markers":[]}